timeStamp,elapsed,label,responseCode,responseMessage,threadName,dataType,success,failureMessage,bytes,sentBytes,grpThreads,allThreads,URL,Latency,IdleTime,Connect
1716582426910,13,proceso c,200,OK,TEST ANEXO 1-140,text,true,,507,130,194,194,http://172.23.65.107:3000/proceso_c,7,0,1
1716582426904,34,proceso c,200,OK,TEST ANEXO 1-131,text,true,,507,130,199,199,http://172.23.65.107:3000/proceso_c,13,0,3
1716582426879,70,proceso c,200,OK,TEST ANEXO 1-175,text,true,,521,130,202,202,http://172.23.65.107:3000/proceso_c,70,0,29
1716582426911,420,proceso c,200,OK,TEST ANEXO 1-142,text,true,,549,130,292,292,http://172.23.65.107:3000/proceso_c,420,0,3
1716582426905,428,proceso c,200,OK,TEST ANEXO 1-150,text,true,,507,130,291,291,http://172.23.65.107:3000/proceso_c,428,0,8
1716582426934,689,proceso c,200,OK,TEST ANEXO 1-119,text,true,,507,130,290,290,http://172.23.65.107:3000/proceso_c,689,0,1
1716582426905,729,proceso c,200,OK,TEST ANEXO 1-189,text,true,,521,130,289,289,http://172.23.65.107:3000/proceso_c,729,0,15
1716582426904,875,proceso c,200,OK,TEST ANEXO 1-157,text,true,,549,130,288,288,http://172.23.65.107:3000/proceso_c,875,0,9
1716582426917,877,proceso c,200,OK,TEST ANEXO 1-136,text,true,,549,130,287,287,http://172.23.65.107:3000/proceso_c,877,0,2
1716582426913,1000,proceso c,200,OK,TEST ANEXO 1-144,text,true,,549,130,286,286,http://172.23.65.107:3000/proceso_c,1000,0,5
1716582426904,1011,proceso c,200,OK,TEST ANEXO 1-151,text,true,,521,130,285,285,http://172.23.65.107:3000/proceso_c,1011,0,10
1716582426906,1010,proceso c,200,OK,TEST ANEXO 1-135,text,true,,549,130,284,284,http://172.23.65.107:3000/proceso_c,1010,0,11
1716582426908,1043,proceso c,200,OK,TEST ANEXO 1-190,text,true,,521,130,283,283,http://172.23.65.107:3000/proceso_c,1043,0,12
1716582426864,1331,proceso c,200,OK,TEST ANEXO 1-170,text,true,,521,130,282,282,http://172.23.65.107:3000/proceso_c,1331,0,83
1716582426861,1432,proceso c,200,OK,TEST ANEXO 1-10,text,true,,507,130,281,281,http://172.23.65.107:3000/proceso_c,1432,0,119
1716582426915,1431,proceso c,200,OK,TEST ANEXO 1-193,text,true,,507,130,280,280,http://172.23.65.107:3000/proceso_c,1431,0,5
1716582426906,1510,proceso c,200,OK,TEST ANEXO 1-141,text,true,,549,130,279,279,http://172.23.65.107:3000/proceso_c,1510,0,10
1716582426910,1532,proceso c,200,OK,TEST ANEXO 1-156,text,true,,535,130,278,278,http://172.23.65.107:3000/proceso_c,1532,0,6
1716582426914,1548,proceso c,200,OK,TEST ANEXO 1-146,text,true,,549,130,277,277,http://172.23.65.107:3000/proceso_c,1548,0,2
1716582426867,1595,proceso c,200,OK,TEST ANEXO 1-39,text,true,,521,130,277,277,http://172.23.65.107:3000/proceso_c,1595,0,113
1716582426910,1565,proceso c,200,OK,TEST ANEXO 1-148,text,true,,549,130,275,275,http://172.23.65.107:3000/proceso_c,1565,0,4
1716582426922,1555,proceso c,200,OK,TEST ANEXO 1-188,text,true,,535,130,274,274,http://172.23.65.107:3000/proceso_c,1555,0,1
1716582426937,1542,proceso c,200,OK,TEST ANEXO 1-96,text,true,,507,130,273,273,http://172.23.65.107:3000/proceso_c,1542,0,3
1716582426934,1553,proceso c,200,OK,TEST ANEXO 1-118,text,true,,535,130,272,272,http://172.23.65.107:3000/proceso_c,1553,0,1
1716582426926,1570,proceso c,200,OK,TEST ANEXO 1-138,text,true,,507,130,271,271,http://172.23.65.107:3000/proceso_c,1570,0,10
1716582426923,1573,proceso c,200,OK,TEST ANEXO 1-128,text,true,,549,130,270,270,http://172.23.65.107:3000/proceso_c,1573,0,13
1716582426927,1572,proceso c,200,OK,TEST ANEXO 1-134,text,true,,507,130,269,269,http://172.23.65.107:3000/proceso_c,1571,0,8
1716582426912,1597,proceso c,200,OK,TEST ANEXO 1-192,text,true,,521,130,268,268,http://172.23.65.107:3000/proceso_c,1596,0,8
1716582426925,1601,proceso c,200,OK,TEST ANEXO 1-187,text,true,,507,130,267,267,http://172.23.65.107:3000/proceso_c,1601,0,1
1716582426856,1672,proceso c,200,OK,TEST ANEXO 1-3,text,true,,521,130,266,266,http://172.23.65.107:3000/proceso_c,1672,0,115
1716582426934,1599,proceso c,200,OK,TEST ANEXO 1-122,text,true,,521,130,265,265,http://172.23.65.107:3000/proceso_c,1599,0,1
1716582426865,1679,proceso c,200,OK,TEST ANEXO 1-42,text,true,,507,130,264,264,http://172.23.65.107:3000/proceso_c,1679,0,90
1716582426856,1695,proceso c,200,OK,TEST ANEXO 1-99,text,true,,507,130,263,263,http://172.23.65.107:3000/proceso_c,1695,0,126
1716582426876,1677,proceso c,200,OK,TEST ANEXO 1-24,text,true,,507,130,262,262,http://172.23.65.107:3000/proceso_c,1677,0,96
1716582426857,1695,proceso c,200,OK,TEST ANEXO 1-83,text,true,,507,130,262,262,http://172.23.65.107:3000/proceso_c,1695,0,122
1716582426860,1711,proceso c,200,OK,TEST ANEXO 1-66,text,true,,507,130,260,260,http://172.23.65.107:3000/proceso_c,1711,0,116
1716582426863,1721,proceso c,200,OK,TEST ANEXO 1-26,text,true,,521,130,259,259,http://172.23.65.107:3000/proceso_c,1721,0,93
1716582426858,1729,proceso c,200,OK,TEST ANEXO 1-168,text,true,,507,130,258,258,http://172.23.65.107:3000/proceso_c,1729,0,111
1716582426876,1714,proceso c,200,OK,TEST ANEXO 1-60,text,true,,507,130,257,257,http://172.23.65.107:3000/proceso_c,1714,0,106
1716582426925,1665,proceso c,200,OK,TEST ANEXO 1-129,text,true,,535,130,257,257,http://172.23.65.107:3000/proceso_c,1665,0,11
1716582426852,1738,proceso c,200,OK,TEST ANEXO 1-34,text,true,,507,130,255,255,http://172.23.65.107:3000/proceso_c,1738,0,131
1716582426855,1754,proceso c,200,OK,TEST ANEXO 1-97,text,true,,535,130,254,254,http://172.23.65.107:3000/proceso_c,1754,0,125
1716582426879,1739,proceso c,200,OK,TEST ANEXO 1-1,text,true,,521,130,253,253,http://172.23.65.107:3000/proceso_c,1739,0,91
1716582426903,1720,proceso c,200,OK,TEST ANEXO 1-153,text,true,,549,130,252,252,http://172.23.65.107:3000/proceso_c,1720,0,40
1716582426854,1784,proceso c,200,OK,TEST ANEXO 1-91,text,true,,521,130,251,251,http://172.23.65.107:3000/proceso_c,1784,0,130
1716582426972,1687,proceso c,200,OK,TEST ANEXO 1-211,text,true,,521,130,250,250,http://172.23.65.107:3000/proceso_c,1687,0,17
1716582426873,1802,proceso c,200,OK,TEST ANEXO 1-40,text,true,,521,130,249,249,http://172.23.65.107:3000/proceso_c,1802,0,109
1716582426857,1823,proceso c,200,OK,TEST ANEXO 1-49,text,true,,521,130,248,248,http://172.23.65.107:3000/proceso_c,1823,0,123
1716582426893,1788,proceso c,200,OK,TEST ANEXO 1-14,text,true,,521,130,247,247,http://172.23.65.107:3000/proceso_c,1788,0,92
1716582426903,1779,proceso c,200,OK,TEST ANEXO 1-159,text,true,,535,130,246,246,http://172.23.65.107:3000/proceso_c,1779,0,43
1716582426874,1810,proceso c,200,OK,TEST ANEXO 1-29,text,true,,521,130,245,245,http://172.23.65.107:3000/proceso_c,1810,0,103
1716582426853,1831,proceso c,200,OK,TEST ANEXO 1-33,text,true,,521,130,244,244,http://172.23.65.107:3000/proceso_c,1831,0,130
1716582426856,1829,proceso c,200,OK,TEST ANEXO 1-74,text,true,,521,130,243,243,http://172.23.65.107:3000/proceso_c,1829,0,122
1716582426875,1815,proceso c,200,OK,TEST ANEXO 1-30,text,true,,521,130,242,242,http://172.23.65.107:3000/proceso_c,1815,0,100
1716582426941,1753,proceso c,200,OK,TEST ANEXO 1-202,text,true,,521,130,241,241,http://172.23.65.107:3000/proceso_c,1753,0,15
1716582426855,1842,proceso c,200,OK,TEST ANEXO 1-54,text,true,,535,130,240,240,http://172.23.65.107:3000/proceso_c,1842,0,122
1716582426855,1844,proceso c,200,OK,TEST ANEXO 1-4,text,true,,521,130,239,239,http://172.23.65.107:3000/proceso_c,1844,0,117
1716582426875,1824,proceso c,200,OK,TEST ANEXO 1-18,text,true,,535,130,239,239,http://172.23.65.107:3000/proceso_c,1824,0,96
1716582426936,1779,proceso c,200,OK,TEST ANEXO 1-93,text,true,,535,130,237,237,http://172.23.65.107:3000/proceso_c,1779,0,4
1716582426876,1841,proceso c,200,OK,TEST ANEXO 1-21,text,true,,535,130,236,236,http://172.23.65.107:3000/proceso_c,1841,0,105
1716582426877,1840,proceso c,200,OK,TEST ANEXO 1-11,text,true,,521,130,236,236,http://172.23.65.107:3000/proceso_c,1840,0,93
1716582426937,1779,proceso c,200,OK,TEST ANEXO 1-200,text,true,,521,130,235,235,http://172.23.65.107:3000/proceso_c,1779,0,3
1716582426856,1862,proceso c,200,OK,TEST ANEXO 1-5,text,true,,521,130,235,235,http://172.23.65.107:3000/proceso_c,1862,0,114
1716582426935,1782,proceso c,200,OK,TEST ANEXO 1-115,text,true,,521,130,232,232,http://172.23.65.107:3000/proceso_c,1782,0,2
1716582426906,1828,proceso c,200,OK,TEST ANEXO 1-130,text,true,,535,130,231,231,http://172.23.65.107:3000/proceso_c,1828,0,14
1716582426893,1842,proceso c,200,OK,TEST ANEXO 1-164,text,true,,549,130,230,230,http://172.23.65.107:3000/proceso_c,1842,0,90
1716582426855,1880,proceso c,200,OK,TEST ANEXO 1-165,text,true,,549,130,229,229,http://172.23.65.107:3000/proceso_c,1880,0,115
1716582426856,1879,proceso c,200,OK,TEST ANEXO 1-72,text,true,,521,130,229,229,http://172.23.65.107:3000/proceso_c,1879,0,124
1716582426911,1824,proceso c,200,OK,TEST ANEXO 1-145,text,true,,521,130,228,228,http://172.23.65.107:3000/proceso_c,1824,0,8
1716582426931,1810,proceso c,200,OK,TEST ANEXO 1-198,text,true,,535,130,226,226,http://172.23.65.107:3000/proceso_c,1810,0,6
1716582426852,1891,proceso c,200,OK,TEST ANEXO 1-35,text,true,,549,130,225,225,http://172.23.65.107:3000/proceso_c,1891,0,131
1716582426874,1872,proceso c,200,OK,TEST ANEXO 1-38,text,true,,549,130,224,224,http://172.23.65.107:3000/proceso_c,1872,0,95
1716582426856,1890,proceso c,200,OK,TEST ANEXO 1-85,text,true,,549,130,223,223,http://172.23.65.107:3000/proceso_c,1890,0,120
1716582426918,1829,proceso c,200,OK,TEST ANEXO 1-194,text,true,,521,130,222,222,http://172.23.65.107:3000/proceso_c,1829,0,1
1716582426907,1842,proceso c,200,OK,TEST ANEXO 1-137,text,true,,521,130,221,221,http://172.23.65.107:3000/proceso_c,1842,0,12
1716582426855,1897,proceso c,200,OK,TEST ANEXO 1-167,text,true,,521,130,220,220,http://172.23.65.107:3000/proceso_c,1897,0,114
1716582426857,1920,proceso c,200,OK,TEST ANEXO 1-87,text,true,,549,130,219,219,http://172.23.65.107:3000/proceso_c,1920,0,122
1716582426857,1923,proceso c,200,OK,TEST ANEXO 1-121,text,true,,535,130,218,218,http://172.23.65.107:3000/proceso_c,1923,0,120
1716582426868,1913,proceso c,200,OK,TEST ANEXO 1-108,text,true,,507,130,217,217,http://172.23.65.107:3000/proceso_c,1913,0,117
1716582426855,1927,proceso c,200,OK,TEST ANEXO 1-25,text,true,,549,130,216,216,http://172.23.65.107:3000/proceso_c,1927,0,128
1716582426861,1923,proceso c,200,OK,TEST ANEXO 1-104,text,true,,549,130,215,215,http://172.23.65.107:3000/proceso_c,1923,0,119
1716582426856,1929,proceso c,200,OK,TEST ANEXO 1-84,text,true,,507,130,214,214,http://172.23.65.107:3000/proceso_c,1929,0,123
1716582426876,1910,proceso c,200,OK,TEST ANEXO 1-64,text,true,,521,130,213,213,http://172.23.65.107:3000/proceso_c,1910,0,103
1716582426857,1930,proceso c,200,OK,TEST ANEXO 1-112,text,true,,521,130,212,212,http://172.23.65.107:3000/proceso_c,1930,0,119
1716582426975,1833,proceso c,200,OK,TEST ANEXO 1-213,text,true,,507,130,211,211,http://172.23.65.107:3000/proceso_c,1832,0,13
1716582426852,1960,proceso c,200,OK,TEST ANEXO 1-103,text,true,,521,130,210,210,http://172.23.65.107:3000/proceso_c,1960,0,133
1716582426893,1930,proceso c,200,OK,TEST ANEXO 1-185,text,true,,507,130,209,209,http://172.23.65.107:3000/proceso_c,1930,0,93
1716582426904,1920,proceso c,200,OK,TEST ANEXO 1-152,text,true,,507,130,208,208,http://172.23.65.107:3000/proceso_c,1920,0,15
1716582426925,1909,proceso c,200,OK,TEST ANEXO 1-117,text,true,,521,130,207,207,http://172.23.65.107:3000/proceso_c,1909,0,11
1716582426917,1919,proceso c,200,OK,TEST ANEXO 1-154,text,true,,521,130,206,206,http://172.23.65.107:3000/proceso_c,1919,0,2
1716582426924,1913,proceso c,200,OK,TEST ANEXO 1-196,text,true,,521,130,205,205,http://172.23.65.107:3000/proceso_c,1913,0,13
1716582426934,1904,proceso c,200,OK,TEST ANEXO 1-113,text,true,,507,130,204,204,http://172.23.65.107:3000/proceso_c,1904,0,3
1716582426939,1900,proceso c,200,OK,TEST ANEXO 1-201,text,true,,521,130,203,203,http://172.23.65.107:3000/proceso_c,1900,0,1
1716582426926,1913,proceso c,200,OK,TEST ANEXO 1-126,text,true,,535,130,203,203,http://172.23.65.107:3000/proceso_c,1913,0,11
1716582426931,1909,proceso c,200,OK,TEST ANEXO 1-123,text,true,,521,130,201,201,http://172.23.65.107:3000/proceso_c,1909,0,5
1716582426928,1913,proceso c,200,OK,TEST ANEXO 1-125,text,true,,521,130,200,200,http://172.23.65.107:3000/proceso_c,1913,0,8
1716582426863,1980,proceso c,200,OK,TEST ANEXO 1-27,text,true,,549,130,199,199,http://172.23.65.107:3000/proceso_c,1980,0,93
1716582426925,1925,proceso c,200,OK,TEST ANEXO 1-127,text,true,,521,130,198,198,http://172.23.65.107:3000/proceso_c,1925,0,10
1716582426876,1985,proceso c,200,OK,TEST ANEXO 1-22,text,true,,521,130,197,197,http://172.23.65.107:3000/proceso_c,1985,0,94
1716582426921,1940,proceso c,200,OK,TEST ANEXO 1-195,text,true,,521,130,196,196,http://172.23.65.107:3000/proceso_c,1940,0,2
1716582426856,2011,proceso c,200,OK,TEST ANEXO 1-15,text,true,,549,130,195,195,http://172.23.65.107:3000/proceso_c,2011,0,123
1716582426867,2005,proceso c,200,OK,TEST ANEXO 1-110,text,true,,521,130,194,194,http://172.23.65.107:3000/proceso_c,2005,0,86
1716582426856,2018,proceso c,200,OK,TEST ANEXO 1-78,text,true,,535,130,193,193,http://172.23.65.107:3000/proceso_c,2018,0,123
1716582426891,1984,proceso c,200,OK,TEST ANEXO 1-53,text,true,,521,130,192,192,http://172.23.65.107:3000/proceso_c,1984,0,80
1716582426866,2011,proceso c,200,OK,TEST ANEXO 1-106,text,true,,521,130,191,191,http://172.23.65.107:3000/proceso_c,2011,0,87
1716582426901,1976,proceso c,200,OK,TEST ANEXO 1-163,text,true,,507,130,190,190,http://172.23.65.107:3000/proceso_c,1976,0,54
1716582426935,1944,proceso c,200,OK,TEST ANEXO 1-55,text,true,,535,130,189,189,http://172.23.65.107:3000/proceso_c,1944,0,5
1716582426902,1978,proceso c,200,OK,TEST ANEXO 1-160,text,true,,521,130,188,188,http://172.23.65.107:3000/proceso_c,1978,0,44
1716582426856,2025,proceso c,200,OK,TEST ANEXO 1-86,text,true,,521,130,187,187,http://172.23.65.107:3000/proceso_c,2025,0,120
1716582426856,2026,proceso c,200,OK,TEST ANEXO 1-73,text,true,,521,130,186,186,http://172.23.65.107:3000/proceso_c,2026,0,126
1716582426856,2027,proceso c,200,OK,TEST ANEXO 1-80,text,true,,535,130,185,185,http://172.23.65.107:3000/proceso_c,2027,0,124
1716582426867,2017,proceso c,200,OK,TEST ANEXO 1-47,text,true,,521,130,184,184,http://172.23.65.107:3000/proceso_c,2016,0,88
1716582426893,1993,proceso c,200,OK,TEST ANEXO 1-90,text,true,,535,130,183,183,http://172.23.65.107:3000/proceso_c,1993,0,92
1716582426864,2025,proceso c,200,OK,TEST ANEXO 1-52,text,true,,521,130,182,182,http://172.23.65.107:3000/proceso_c,2025,0,91
1716582426855,2039,proceso c,200,OK,TEST ANEXO 1-67,text,true,,521,130,181,181,http://172.23.65.107:3000/proceso_c,2039,0,122
1716582426883,2012,proceso c,200,OK,TEST ANEXO 1-177,text,true,,507,130,180,180,http://172.23.65.107:3000/proceso_c,2012,0,98
1716582426865,2033,proceso c,200,OK,TEST ANEXO 1-51,text,true,,549,130,179,179,http://172.23.65.107:3000/proceso_c,2033,0,112
1716582426949,1950,proceso c,200,OK,TEST ANEXO 1-204,text,true,,535,130,178,178,http://172.23.65.107:3000/proceso_c,1950,0,7
1716582426870,2031,proceso c,200,OK,TEST ANEXO 1-172,text,true,,521,130,177,177,http://172.23.65.107:3000/proceso_c,2031,0,98
1716582426932,1969,proceso c,200,OK,TEST ANEXO 1-95,text,true,,549,130,176,176,http://172.23.65.107:3000/proceso_c,1969,0,4
1716582426860,2059,proceso c,200,OK,TEST ANEXO 1-65,text,true,,535,130,175,175,http://172.23.65.107:3000/proceso_c,2059,0,119
1716582426877,2043,proceso c,200,OK,TEST ANEXO 1-61,text,true,,535,130,174,174,http://172.23.65.107:3000/proceso_c,2043,0,103
1716582426865,2057,proceso c,200,OK,TEST ANEXO 1-28,text,true,,549,130,173,173,http://172.23.65.107:3000/proceso_c,2057,0,82
1716582426914,2013,proceso c,200,OK,TEST ANEXO 1-147,text,true,,521,130,172,172,http://172.23.65.107:3000/proceso_c,2013,0,5
1716582426856,2075,proceso c,200,OK,TEST ANEXO 1-100,text,true,,535,130,171,171,http://172.23.65.107:3000/proceso_c,2075,0,120
1716582426855,2076,proceso c,200,OK,TEST ANEXO 1-98,text,true,,549,130,170,170,http://172.23.65.107:3000/proceso_c,2076,0,113
1716582426866,2066,proceso c,200,OK,TEST ANEXO 1-43,text,true,,535,130,169,169,http://172.23.65.107:3000/proceso_c,2066,0,87
1716582426865,2068,proceso c,200,OK,TEST ANEXO 1-57,text,true,,521,130,168,168,http://172.23.65.107:3000/proceso_c,2068,0,88
1716582426853,2080,proceso c,200,OK,TEST ANEXO 1-31,text,true,,521,130,167,167,http://172.23.65.107:3000/proceso_c,2080,0,131
1716582426869,2065,proceso c,200,OK,TEST ANEXO 1-171,text,true,,521,130,166,166,http://172.23.65.107:3000/proceso_c,2065,0,109
1716582426855,2079,proceso c,200,OK,TEST ANEXO 1-45,text,true,,549,130,166,166,http://172.23.65.107:3000/proceso_c,2079,0,128
1716582426852,2083,proceso c,200,OK,TEST ANEXO 1-37,text,true,,535,130,164,164,http://172.23.65.107:3000/proceso_c,2083,0,131
1716582426878,2058,proceso c,200,OK,TEST ANEXO 1-58,text,true,,549,130,163,163,http://172.23.65.107:3000/proceso_c,2057,0,98
1716582426881,2057,proceso c,200,OK,TEST ANEXO 1-176,text,true,,535,130,162,162,http://172.23.65.107:3000/proceso_c,2057,0,88
1716582426933,2007,proceso c,200,OK,TEST ANEXO 1-199,text,true,,549,130,161,161,http://172.23.65.107:3000/proceso_c,2007,0,7
1716582426984,1956,proceso c,200,OK,TEST ANEXO 1-216,text,true,,507,130,160,160,http://172.23.65.107:3000/proceso_c,1956,0,5
1716582426910,2031,proceso c,200,OK,TEST ANEXO 1-143,text,true,,535,130,159,159,http://172.23.65.107:3000/proceso_c,2031,0,9
1716582426855,2090,proceso c,200,OK,TEST ANEXO 1-69,text,true,,521,130,158,158,http://172.23.65.107:3000/proceso_c,2090,0,128
1716582426873,2073,proceso c,200,OK,TEST ANEXO 1-173,text,true,,521,130,157,157,http://172.23.65.107:3000/proceso_c,2073,0,97
1716582426861,2085,proceso c,200,OK,TEST ANEXO 1-169,text,true,,549,130,157,157,http://172.23.65.107:3000/proceso_c,2085,0,119
1716582426878,2076,proceso c,200,OK,TEST ANEXO 1-6,text,true,,549,130,155,155,http://172.23.65.107:3000/proceso_c,2076,0,96
1716582426856,2097,proceso c,200,OK,TEST ANEXO 1-79,text,true,,535,130,154,154,http://172.23.65.107:3000/proceso_c,2097,0,120
1716582426929,2025,proceso c,200,OK,TEST ANEXO 1-132,text,true,,535,130,153,153,http://172.23.65.107:3000/proceso_c,2025,0,7
1716582426930,2024,proceso c,200,OK,TEST ANEXO 1-124,text,true,,535,130,152,152,http://172.23.65.107:3000/proceso_c,2024,0,5
1716582426875,2079,proceso c,200,OK,TEST ANEXO 1-59,text,true,,521,130,152,152,http://172.23.65.107:3000/proceso_c,2079,0,99
1716582426856,2102,proceso c,200,OK,TEST ANEXO 1-75,text,true,,521,130,150,150,http://172.23.65.107:3000/proceso_c,2102,0,121
1716582426877,2082,proceso c,200,OK,TEST ANEXO 1-62,text,true,,549,130,149,149,http://172.23.65.107:3000/proceso_c,2082,0,99
1716582426855,2107,proceso c,200,OK,TEST ANEXO 1-68,text,true,,521,130,148,148,http://172.23.65.107:3000/proceso_c,2107,0,127
1716582426909,2054,proceso c,200,OK,TEST ANEXO 1-191,text,true,,549,130,147,147,http://172.23.65.107:3000/proceso_c,2054,0,11
1716582426960,2006,proceso c,200,OK,TEST ANEXO 1-208,text,true,,507,130,146,146,http://172.23.65.107:3000/proceso_c,2006,0,28
1716582426855,2111,proceso c,200,OK,TEST ANEXO 1-81,text,true,,507,130,145,145,http://172.23.65.107:3000/proceso_c,2111,0,127
1716582426856,2115,proceso c,200,OK,TEST ANEXO 1-70,text,true,,521,130,144,144,http://172.23.65.107:3000/proceso_c,2115,0,127
1716582426857,2115,proceso c,200,OK,TEST ANEXO 1-88,text,true,,535,130,143,143,http://172.23.65.107:3000/proceso_c,2114,0,123
1716582426856,2117,proceso c,200,OK,TEST ANEXO 1-13,text,true,,521,130,142,142,http://172.23.65.107:3000/proceso_c,2117,0,125
1716582426934,2041,proceso c,200,OK,TEST ANEXO 1-94,text,true,,535,130,141,141,http://172.23.65.107:3000/proceso_c,2041,0,3
1716582426856,2197,proceso c,200,OK,TEST ANEXO 1-76,text,true,,521,130,140,140,http://172.23.65.107:3000/proceso_c,2197,0,127
1716582426856,2198,proceso c,200,OK,TEST ANEXO 1-20,text,true,,521,130,139,139,http://172.23.65.107:3000/proceso_c,2198,0,115
1716582426874,2180,proceso c,200,OK,TEST ANEXO 1-63,text,true,,535,130,138,138,http://172.23.65.107:3000/proceso_c,2180,0,105
1716582426916,2139,proceso c,200,OK,TEST ANEXO 1-155,text,true,,549,130,137,137,http://172.23.65.107:3000/proceso_c,2139,0,0
1716582426857,2215,proceso c,200,OK,TEST ANEXO 1-82,text,true,,507,130,136,136,http://172.23.65.107:3000/proceso_c,2215,0,117
1716582426891,2192,proceso c,200,OK,TEST ANEXO 1-180,text,true,,521,130,135,135,http://172.23.65.107:3000/proceso_c,2191,0,95
1716582426861,2232,proceso c,200,OK,TEST ANEXO 1-12,text,true,,507,130,134,134,http://172.23.65.107:3000/proceso_c,2232,0,130
1716582427011,2083,proceso c,200,OK,TEST ANEXO 1-225,text,true,,535,130,133,133,http://172.23.65.107:3000/proceso_c,2083,0,1
1716582426993,2103,proceso c,200,OK,TEST ANEXO 1-219,text,true,,521,130,132,132,http://172.23.65.107:3000/proceso_c,2103,0,0
1716582426963,2139,proceso c,200,OK,TEST ANEXO 1-209,text,true,,521,130,131,131,http://172.23.65.107:3000/proceso_c,2139,0,26
1716582426928,2175,proceso c,200,OK,TEST ANEXO 1-139,text,true,,535,130,130,130,http://172.23.65.107:3000/proceso_c,2174,0,7
1716582426973,2130,proceso c,200,OK,TEST ANEXO 1-212,text,true,,521,130,130,130,http://172.23.65.107:3000/proceso_c,2130,0,16
1716582426928,2184,proceso c,200,OK,TEST ANEXO 1-197,text,true,,521,130,128,128,http://172.23.65.107:3000/proceso_c,2184,0,9
1716582426852,2264,proceso c,200,OK,TEST ANEXO 1-36,text,true,,507,130,127,127,http://172.23.65.107:3000/proceso_c,2264,0,131
1716582426996,2128,proceso c,200,OK,TEST ANEXO 1-220,text,true,,521,130,126,126,http://172.23.65.107:3000/proceso_c,2128,0,0
1716582426929,2228,proceso c,200,OK,TEST ANEXO 1-116,text,true,,549,130,125,125,http://172.23.65.107:3000/proceso_c,2228,0,6
1716582426855,2304,proceso c,200,OK,TEST ANEXO 1-7,text,true,,507,130,124,124,http://172.23.65.107:3000/proceso_c,2304,0,116
1716582426932,2232,proceso c,200,OK,TEST ANEXO 1-114,text,true,,535,130,123,123,http://172.23.65.107:3000/proceso_c,2232,0,4
1716582426978,2186,proceso c,200,OK,TEST ANEXO 1-214,text,true,,521,130,123,123,http://172.23.65.107:3000/proceso_c,2186,0,10
1716582426865,2300,proceso c,200,OK,TEST ANEXO 1-50,text,true,,521,130,121,121,http://172.23.65.107:3000/proceso_c,2300,0,89
1716582426864,2308,proceso c,200,OK,TEST ANEXO 1-56,text,true,,521,130,120,120,http://172.23.65.107:3000/proceso_c,2308,0,91
1716582426893,2279,proceso c,200,OK,TEST ANEXO 1-162,text,true,,521,130,120,120,http://172.23.65.107:3000/proceso_c,2279,0,76
1716582426947,2225,proceso c,200,OK,TEST ANEXO 1-203,text,true,,521,130,119,119,http://172.23.65.107:3000/proceso_c,2225,0,9
1716582426857,2316,proceso c,200,OK,TEST ANEXO 1-101,text,true,,535,130,118,118,http://172.23.65.107:3000/proceso_c,2316,0,125
1716582426852,2332,proceso c,200,OK,TEST ANEXO 1-102,text,true,,549,130,116,116,http://172.23.65.107:3000/proceso_c,2332,0,133
1716582426878,2309,proceso c,200,OK,TEST ANEXO 1-111,text,true,,521,130,115,115,http://172.23.65.107:3000/proceso_c,2309,0,101
1716582426902,2288,proceso c,200,OK,TEST ANEXO 1-158,text,true,,549,130,114,114,http://172.23.65.107:3000/proceso_c,2288,0,44
1716582426860,2332,proceso c,200,OK,TEST ANEXO 1-48,text,true,,521,130,113,113,http://172.23.65.107:3000/proceso_c,2332,0,115
1716582426930,2291,proceso c,200,OK,TEST ANEXO 1-133,text,true,,535,130,112,112,http://172.23.65.107:3000/proceso_c,2291,0,5
1716582426855,2370,proceso c,200,OK,TEST ANEXO 1-19,text,true,,521,130,111,111,http://172.23.65.107:3000/proceso_c,2370,0,129
1716582426856,2369,proceso c,200,OK,TEST ANEXO 1-89,text,true,,521,130,110,110,http://172.23.65.107:3000/proceso_c,2369,0,114
1716582426878,2352,proceso c,200,OK,TEST ANEXO 1-120,text,true,,521,130,109,109,http://172.23.65.107:3000/proceso_c,2352,0,97
1716582426877,2353,proceso c,200,OK,TEST ANEXO 1-178,text,true,,521,130,109,109,http://172.23.65.107:3000/proceso_c,2353,0,93
1716582426951,2280,proceso c,200,OK,TEST ANEXO 1-205,text,true,,521,130,107,107,http://172.23.65.107:3000/proceso_c,2280,0,5
1716582426856,2375,proceso c,200,OK,TEST ANEXO 1-77,text,true,,521,130,107,107,http://172.23.65.107:3000/proceso_c,2375,0,126
1716582426867,2364,proceso c,200,OK,TEST ANEXO 1-105,text,true,,521,130,106,106,http://172.23.65.107:3000/proceso_c,2364,0,88
1716582426866,2365,proceso c,200,OK,TEST ANEXO 1-46,text,true,,521,130,105,105,http://172.23.65.107:3000/proceso_c,2365,0,87
1716582426940,2291,proceso c,200,OK,TEST ANEXO 1-92,text,true,,549,130,104,104,http://172.23.65.107:3000/proceso_c,2291,0,6
1716582426869,2364,proceso c,200,OK,TEST ANEXO 1-8,text,true,,521,130,103,103,http://172.23.65.107:3000/proceso_c,2364,0,112
1716582426875,2406,proceso c,200,OK,TEST ANEXO 1-16,text,true,,535,130,101,101,http://172.23.65.107:3000/proceso_c,2406,0,96
1716582426856,2427,proceso c,200,OK,TEST ANEXO 1-71,text,true,,521,130,100,100,http://172.23.65.107:3000/proceso_c,2427,0,128
1716582427123,2161,proceso c,200,OK,TEST ANEXO 1-262,text,true,,507,130,99,99,http://172.23.65.107:3000/proceso_c,2161,0,0
1716582426854,2430,proceso c,200,OK,TEST ANEXO 1-166,text,true,,535,130,99,99,http://172.23.65.107:3000/proceso_c,2430,0,115
1716582426883,2402,proceso c,200,OK,TEST ANEXO 1-181,text,true,,507,130,97,97,http://172.23.65.107:3000/proceso_c,2401,0,103
1716582426863,2423,proceso c,200,OK,TEST ANEXO 1-9,text,true,,549,130,96,96,http://172.23.65.107:3000/proceso_c,2423,0,91
1716582426873,2416,proceso c,200,OK,TEST ANEXO 1-107,text,true,,521,130,95,95,http://172.23.65.107:3000/proceso_c,2416,0,109
1716582426888,2403,proceso c,200,OK,TEST ANEXO 1-183,text,true,,521,130,94,94,http://172.23.65.107:3000/proceso_c,2403,0,99
1716582426874,2434,proceso c,200,OK,TEST ANEXO 1-109,text,true,,521,130,93,93,http://172.23.65.107:3000/proceso_c,2434,0,105
1716582426879,2431,proceso c,200,OK,TEST ANEXO 1-2,text,true,,521,130,92,92,http://172.23.65.107:3000/proceso_c,2431,0,101
1716582426876,2434,proceso c,200,OK,TEST ANEXO 1-174,text,true,,521,130,91,91,http://172.23.65.107:3000/proceso_c,2433,0,94
1716582426892,2418,proceso c,200,OK,TEST ANEXO 1-179,text,true,,521,130,91,91,http://172.23.65.107:3000/proceso_c,2418,0,94
1716582427110,2217,proceso c,200,OK,TEST ANEXO 1-258,text,true,,507,130,89,89,http://172.23.65.107:3000/proceso_c,2217,0,0
1716582426954,2379,proceso c,200,OK,TEST ANEXO 1-206,text,true,,507,130,88,88,http://172.23.65.107:3000/proceso_c,2379,0,34
1716582427138,2204,proceso c,200,OK,TEST ANEXO 1-266,text,true,,521,130,87,87,http://172.23.65.107:3000/proceso_c,2204,0,0
1716582426894,2451,proceso c,200,OK,TEST ANEXO 1-161,text,true,,549,130,86,86,http://172.23.65.107:3000/proceso_c,2451,0,77
1716582426957,2397,proceso c,200,OK,TEST ANEXO 1-207,text,true,,521,130,85,85,http://172.23.65.107:3000/proceso_c,2397,0,31
1716582426981,2375,proceso c,200,OK,TEST ANEXO 1-215,text,true,,521,130,84,84,http://172.23.65.107:3000/proceso_c,2375,0,8
1716582426853,2515,proceso c,200,OK,TEST ANEXO 1-17,text,true,,549,130,83,83,http://172.23.65.107:3000/proceso_c,2515,0,137
1716582426878,2562,proceso c,200,OK,TEST ANEXO 1-23,text,true,,535,130,82,82,http://172.23.65.107:3000/proceso_c,2562,0,100
1716582427158,2281,proceso c,200,OK,TEST ANEXO 1-274,text,true,,507,130,82,82,http://172.23.65.107:3000/proceso_c,2281,0,1
1716582426908,2546,proceso c,200,OK,TEST ANEXO 1-149,text,true,,521,130,80,80,http://172.23.65.107:3000/proceso_c,2546,0,11
1716582427086,2370,proceso c,200,OK,TEST ANEXO 1-250,text,true,,521,130,79,79,http://172.23.65.107:3000/proceso_c,2370,0,0
1716582426987,2469,proceso c,200,OK,TEST ANEXO 1-217,text,true,,549,130,78,78,http://172.23.65.107:3000/proceso_c,2469,0,1
1716582427041,2442,proceso c,200,OK,TEST ANEXO 1-235,text,true,,535,130,77,77,http://172.23.65.107:3000/proceso_c,2442,0,1
1716582427088,2400,proceso c,200,OK,TEST ANEXO 1-241,text,true,,521,130,76,76,http://172.23.65.107:3000/proceso_c,2400,0,1
1716582427066,2446,proceso c,200,OK,TEST ANEXO 1-242,text,true,,521,130,75,75,http://172.23.65.107:3000/proceso_c,2446,0,0
1716582427101,2416,proceso c,200,OK,TEST ANEXO 1-255,text,true,,507,130,74,74,http://172.23.65.107:3000/proceso_c,2416,0,0
1716582427064,2457,proceso c,200,OK,TEST ANEXO 1-239,text,true,,521,130,73,73,http://172.23.65.107:3000/proceso_c,2457,0,2
1716582427060,2473,proceso c,200,OK,TEST ANEXO 1-237,text,true,,507,130,72,72,http://172.23.65.107:3000/proceso_c,2473,0,2
1716582427173,2377,proceso c,200,OK,TEST ANEXO 1-279,text,true,,507,130,71,71,http://172.23.65.107:3000/proceso_c,2377,0,0
1716582426889,2663,proceso c,200,OK,TEST ANEXO 1-184,text,true,,507,130,70,70,http://172.23.65.107:3000/proceso_c,2663,0,97
1716582427113,2439,proceso c,200,OK,TEST ANEXO 1-259,text,true,,507,130,69,69,http://172.23.65.107:3000/proceso_c,2439,0,1
1716582427017,2536,proceso c,200,OK,TEST ANEXO 1-227,text,true,,549,130,68,68,http://172.23.65.107:3000/proceso_c,2536,0,0
1716582426999,2561,proceso c,200,OK,TEST ANEXO 1-221,text,true,,521,130,67,67,http://172.23.65.107:3000/proceso_c,2561,0,1
1716582427140,2431,proceso c,200,OK,TEST ANEXO 1-268,text,true,,549,130,66,66,http://172.23.65.107:3000/proceso_c,2431,0,0
1716582427035,2538,proceso c,200,OK,TEST ANEXO 1-233,text,true,,521,130,65,65,http://172.23.65.107:3000/proceso_c,2537,0,1
1716582427005,2595,proceso c,200,OK,TEST ANEXO 1-223,text,true,,507,130,64,64,http://172.23.65.107:3000/proceso_c,2595,0,0
1716582426886,2715,proceso c,200,OK,TEST ANEXO 1-182,text,true,,507,130,63,63,http://172.23.65.107:3000/proceso_c,2715,0,100
1716582427008,2594,proceso c,200,OK,TEST ANEXO 1-224,text,true,,521,130,62,62,http://172.23.65.107:3000/proceso_c,2594,0,1
1716582427032,2576,proceso c,200,OK,TEST ANEXO 1-232,text,true,,535,130,61,61,http://172.23.65.107:3000/proceso_c,2576,0,0
1716582427038,2571,proceso c,200,OK,TEST ANEXO 1-234,text,true,,507,130,60,60,http://172.23.65.107:3000/proceso_c,2571,0,0
1716582427023,2586,proceso c,200,OK,TEST ANEXO 1-229,text,true,,521,130,59,59,http://172.23.65.107:3000/proceso_c,2586,0,0
1716582427204,2407,proceso c,200,OK,TEST ANEXO 1-289,text,true,,535,130,58,58,http://172.23.65.107:3000/proceso_c,2407,0,0
1716582427077,2534,proceso c,200,OK,TEST ANEXO 1-238,text,true,,507,130,57,57,http://172.23.65.107:3000/proceso_c,2534,0,0
1716582427030,2583,proceso c,200,OK,TEST ANEXO 1-231,text,true,,521,130,56,56,http://172.23.65.107:3000/proceso_c,2583,0,0
1716582427104,2517,proceso c,200,OK,TEST ANEXO 1-256,text,true,,521,130,55,55,http://172.23.65.107:3000/proceso_c,2517,0,1
1716582427116,2518,proceso c,200,OK,TEST ANEXO 1-260,text,true,,521,130,54,54,http://172.23.65.107:3000/proceso_c,2518,0,1
1716582427094,2541,proceso c,200,OK,TEST ANEXO 1-253,text,true,,507,130,53,53,http://172.23.65.107:3000/proceso_c,2541,0,0
1716582427155,2480,proceso c,200,OK,TEST ANEXO 1-273,text,true,,521,130,52,52,http://172.23.65.107:3000/proceso_c,2480,0,0
1716582427119,2516,proceso c,200,OK,TEST ANEXO 1-261,text,true,,507,130,51,51,http://172.23.65.107:3000/proceso_c,2516,0,0
1716582426922,2715,proceso c,200,OK,TEST ANEXO 1-41,text,true,,549,130,50,50,http://172.23.65.107:3000/proceso_c,2715,0,0
1716582427084,2553,proceso c,200,OK,TEST ANEXO 1-249,text,true,,549,130,50,50,http://172.23.65.107:3000/proceso_c,2553,0,0
1716582427077,2566,proceso c,200,OK,TEST ANEXO 1-246,text,true,,521,130,48,48,http://172.23.65.107:3000/proceso_c,2566,0,2
1716582426898,2745,proceso c,200,OK,TEST ANEXO 1-186,text,true,,507,130,47,47,http://172.23.65.107:3000/proceso_c,2745,0,90
1716582427146,2504,proceso c,200,OK,TEST ANEXO 1-270,text,true,,535,130,46,46,http://172.23.65.107:3000/proceso_c,2504,0,0
1716582427089,2564,proceso c,200,OK,TEST ANEXO 1-251,text,true,,549,130,45,45,http://172.23.65.107:3000/proceso_c,2564,0,1
1716582427092,2566,proceso c,200,OK,TEST ANEXO 1-252,text,true,,549,130,44,44,http://172.23.65.107:3000/proceso_c,2566,0,1
1716582427176,2483,proceso c,200,OK,TEST ANEXO 1-280,text,true,,521,130,43,43,http://172.23.65.107:3000/proceso_c,2483,0,0
1716582427164,2495,proceso c,200,OK,TEST ANEXO 1-276,text,true,,521,130,42,42,http://172.23.65.107:3000/proceso_c,2495,0,0
1716582427045,2617,proceso c,200,OK,TEST ANEXO 1-236,text,true,,549,130,41,41,http://172.23.65.107:3000/proceso_c,2617,0,0
1716582427188,2476,proceso c,200,OK,TEST ANEXO 1-284,text,true,,507,130,40,40,http://172.23.65.107:3000/proceso_c,2476,0,0
1716582427002,2665,proceso c,200,OK,TEST ANEXO 1-222,text,true,,549,130,39,39,http://172.23.65.107:3000/proceso_c,2665,0,0
1716582427219,2448,proceso c,200,OK,TEST ANEXO 1-294,text,true,,507,130,38,38,http://172.23.65.107:3000/proceso_c,2448,0,1
1716582427015,2653,proceso c,200,OK,TEST ANEXO 1-226,text,true,,507,130,37,37,http://172.23.65.107:3000/proceso_c,2653,0,0
1716582426990,2679,proceso c,200,OK,TEST ANEXO 1-218,text,true,,521,130,36,36,http://172.23.65.107:3000/proceso_c,2679,0,1
1716582427200,2469,proceso c,200,OK,TEST ANEXO 1-288,text,true,,507,130,35,35,http://172.23.65.107:3000/proceso_c,2469,0,1
1716582427020,2650,proceso c,200,OK,TEST ANEXO 1-228,text,true,,507,130,34,34,http://172.23.65.107:3000/proceso_c,2650,0,1
1716582427078,2594,proceso c,200,OK,TEST ANEXO 1-245,text,true,,521,130,33,33,http://172.23.65.107:3000/proceso_c,2594,0,1
1716582427191,2482,proceso c,200,OK,TEST ANEXO 1-285,text,true,,507,130,32,32,http://172.23.65.107:3000/proceso_c,2482,0,1
1716582427077,2598,proceso c,200,OK,TEST ANEXO 1-247,text,true,,521,130,31,31,http://172.23.65.107:3000/proceso_c,2598,0,2
1716582427091,2584,proceso c,200,OK,TEST ANEXO 1-244,text,true,,521,130,31,31,http://172.23.65.107:3000/proceso_c,2584,0,1
1716582427212,2463,proceso c,200,OK,TEST ANEXO 1-292,text,true,,535,130,29,29,http://172.23.65.107:3000/proceso_c,2463,0,0
1716582427160,2515,proceso c,200,OK,TEST ANEXO 1-275,text,true,,521,130,29,29,http://172.23.65.107:3000/proceso_c,2515,0,1
1716582427071,2605,proceso c,200,OK,TEST ANEXO 1-240,text,true,,507,130,27,27,http://172.23.65.107:3000/proceso_c,2605,0,0
1716582427197,2479,proceso c,200,OK,TEST ANEXO 1-287,text,true,,521,130,26,26,http://172.23.65.107:3000/proceso_c,2479,0,0
1716582427135,2542,proceso c,200,OK,TEST ANEXO 1-265,text,true,,521,130,25,25,http://172.23.65.107:3000/proceso_c,2542,0,1
1716582427107,2570,proceso c,200,OK,TEST ANEXO 1-257,text,true,,535,130,25,25,http://172.23.65.107:3000/proceso_c,2570,0,1
1716582427167,2511,proceso c,200,OK,TEST ANEXO 1-277,text,true,,521,130,23,23,http://172.23.65.107:3000/proceso_c,2511,0,0
1716582427127,2551,proceso c,200,OK,TEST ANEXO 1-263,text,true,,549,130,22,22,http://172.23.65.107:3000/proceso_c,2551,0,0
1716582427099,2581,proceso c,200,OK,TEST ANEXO 1-254,text,true,,521,130,21,21,http://172.23.65.107:3000/proceso_c,2581,0,0
1716582427149,2532,proceso c,200,OK,TEST ANEXO 1-271,text,true,,521,130,21,21,http://172.23.65.107:3000/proceso_c,2532,0,0
1716582427185,2496,proceso c,200,OK,TEST ANEXO 1-283,text,true,,507,130,20,20,http://172.23.65.107:3000/proceso_c,2496,0,1
1716582427143,2538,proceso c,200,OK,TEST ANEXO 1-269,text,true,,521,130,19,19,http://172.23.65.107:3000/proceso_c,2538,0,1
1716582427182,2500,proceso c,200,OK,TEST ANEXO 1-282,text,true,,549,130,18,18,http://172.23.65.107:3000/proceso_c,2500,0,0
1716582426966,2717,proceso c,200,OK,TEST ANEXO 1-210,text,true,,535,130,17,17,http://172.23.65.107:3000/proceso_c,2717,0,23
1716582427026,2658,proceso c,200,OK,TEST ANEXO 1-230,text,true,,507,130,16,16,http://172.23.65.107:3000/proceso_c,2657,0,1
1716582427180,2504,proceso c,200,OK,TEST ANEXO 1-281,text,true,,549,130,15,15,http://172.23.65.107:3000/proceso_c,2504,0,0
1716582427079,2607,proceso c,200,OK,TEST ANEXO 1-243,text,true,,549,130,13,13,http://172.23.65.107:3000/proceso_c,2607,0,1
1716582426853,2833,proceso c,200,OK,TEST ANEXO 1-32,text,true,,521,130,12,12,http://172.23.65.107:3000/proceso_c,2833,0,136
1716582427137,2550,proceso c,200,OK,TEST ANEXO 1-267,text,true,,507,130,11,11,http://172.23.65.107:3000/proceso_c,2550,0,0
1716582427194,2493,proceso c,200,OK,TEST ANEXO 1-286,text,true,,535,130,10,10,http://172.23.65.107:3000/proceso_c,2493,0,0
1716582427209,2479,proceso c,200,OK,TEST ANEXO 1-291,text,true,,507,130,9,9,http://172.23.65.107:3000/proceso_c,2479,0,1
1716582427221,2467,proceso c,200,OK,TEST ANEXO 1-295,text,true,,535,130,8,8,http://172.23.65.107:3000/proceso_c,2467,0,1
1716582427170,2519,proceso c,200,OK,TEST ANEXO 1-278,text,true,,549,130,7,7,http://172.23.65.107:3000/proceso_c,2519,0,1
1716582427216,2473,proceso c,200,OK,TEST ANEXO 1-293,text,true,,549,130,6,6,http://172.23.65.107:3000/proceso_c,2473,0,1
1716582427206,2484,proceso c,200,OK,TEST ANEXO 1-290,text,true,,507,130,6,6,http://172.23.65.107:3000/proceso_c,2484,0,1
1716582427153,2537,proceso c,200,OK,TEST ANEXO 1-272,text,true,,521,130,5,5,http://172.23.65.107:3000/proceso_c,2537,0,0
1716582427080,2611,proceso c,200,OK,TEST ANEXO 1-248,text,true,,507,130,4,4,http://172.23.65.107:3000/proceso_c,2611,0,1
1716582427129,2562,proceso c,200,OK,TEST ANEXO 1-264,text,true,,521,130,3,3,http://172.23.65.107:3000/proceso_c,2562,0,0
1716582426893,2798,proceso c,200,OK,TEST ANEXO 1-44,text,true,,549,130,2,2,http://172.23.65.107:3000/proceso_c,2798,0,93
